genelist,community
DDX11L8,Module382
ABC7-42389800N19.1,Module382
RP11-598F7.1,Module382
IQSEC3,Module382
RP11-598F7.3,Module382
RP11-598F7.4,Module382
RP11-598F7.5,Module382
RP11-598F7.6,Module382
SLC6A12,Module382
RP11-283I3.1,Module382
RP11-283I3.2,Module382
SLC6A13,Module382
RP11-283I3.4,Module382
RP11-283I3.6,Module382
KDM5A,Module382
CCDC77,Module382
CCND2-AS1,Module382
CCND2,Module382
TIGAR,Module382
RP11-264F23.1,Module382
FGF23,Module382
DYRK4,Module382
RP11-234B24.5,Module382
RP11-500M8.7,Module382
AKAP3,Module382
RP11-500M8.6,Module382
RP11-500M8.4,Module382
NDUFA9,Module382
RP11-234B24.6,Module382
RP11-234B24.2,Module382
GALNT8,Module382
RF00019,Module382
SLC2A14,Module382
RF00017,Module382
RP11-277J24.1,Module382
RP11-815D16.1,Module382
NANOGP1,Module382
RP11-277E18.2,Module382
SLC2A3,Module382
RP11-69M1.1,Module382
RP11-69M1.8,Module382
RP11-69M1.3,Module382
RP11-69M1.4,Module382
FOXJ2,Module382
C3AR1,Module382
NECAP1,Module382
RP11-69M1.6,Module382
RP11-266K4.15,Module382
CLEC4A,Module382
POU5F1P3,Module382
RP11-266K4.16,Module382
RP11-266K4.3,Module382
ZNF705A,Module382
FAM66C,Module382
RP11-266K4.1,Module382
RP11-726G1.2,Module382
KLRB1,Module382
RNU6-700P,Module382
RP11-705C15.1,Module382
RP11-705C15.5,Module382
RP11-705C15.4,Module382
RP11-705C15.2,Module382
RP11-705C15.3,Module382
CLEC2D,Module382
RP11-75L1.2,Module382
RP11-75L1.1,Module382
CLECL1,Module382
CD69,Module382
GABARAPL1,Module382
RP11-656E20.5,Module382
KLRD1,Module382
RP11-277P12.10,Module382
RP11-277P12.9,Module382
RP11-277P12.20,Module382
KLRK1,Module382
KLRC4-KLRK1,Module382
RP11-695J4.2,Module382
GUCY2C,Module382
RP11-174G6.1,Module382
RP11-174G6.5,Module382
HIST4H4,Module382
H2AFJ,Module382
WBP11,Module382
RERG,Module382
RP11-365O10.1,Module382
PTPRO,Module382
SLCO1A2,Module382
PYROXD1,Module382
RP11-501E24.3,Module382
RECQL,Module382
GOLT1B,Module382
SPX,Module382
GYS2,Module382
LDHB,Module382
RP11-59N23.3,Module382
RP11-59N23.1,Module382
KCNJ8,Module382
ABCC9,Module382
ST8SIA1,Module382
C2CD5,Module382
RP11-359J14.2,Module382
RP11-359J14.3,Module382
RP11-268P4.2,Module382
BCAT1,Module382
RP11-625L16.3,Module382
RP11-662I13.3,Module382
RP11-662I13.2,Module382
RP11-662I13.1,Module382
C12orf77,Module382
LRMP,Module382
RP11-713N11.3,Module382
RP11-713N11.4,Module382
RP11-713N11.6,Module382
CASC1,Module382
LYRM5,Module382
TM7SF3,Module382
MED21,Module382
RP11-582E3.6,Module382
C12orf71,Module382
RP11-582E3.5,Module382
RP11-582E3.2,Module382
RP11-582E3.4,Module382
IPO8,Module382
CAPRIN2,Module382
RP11-77I22.2,Module382
RP11-77I22.3,Module382
OVOS2,Module382
RP11-627K11.5,Module382
RP11-627K11.1,Module382
RP11-627K11.4,Module382
RP11-627K11.6,Module382
FAM60A,Module382
RP11-627K11.3,Module382
RP11-627K11.7,Module382
RP11-771K4.1,Module382
RF00026,Module382
DENND5B,Module382
RNU6-618P,Module382
RP11-771K4.3,Module382
RP11-820K3.3,Module382
RP11-820K3.4,Module382
RP11-820K3.2,Module382
RP11-820K3.5,Module382
RNU5F-4P,Module382
RP11-820K3.1,Module382
RNU6-1069P,Module382
RF00402,Module382
RP11-428G5.4,Module382
RP11-428G5.5,Module382
RP11-428G5.6,Module382
RP11-428G5.1,Module382
RP11-428G5.2,Module382
RP11-428G5.7,Module382
KIAA1551,Module382
RP11-50I19.2,Module382
RP11-50I19.1,Module382
RP11-843B15.1,Module382
RP11-843B15.3,Module382
RP11-843B15.2,Module382
BICD1,Module382
RP11-843B15.4,Module382
FGD4,Module382
DNM1L,Module382
RP11-278C7.2,Module382
RP11-278C7.4,Module382
RP11-278C7.1,Module382
YARS2,Module382
RP11-278C7.3,Module382
RP11-278C7.5,Module382
PKP2,Module382
RP11-8P13.5,Module382
RP11-8P13.1,Module382
RP11-267D19.2,Module382
RP11-267D19.1,Module382
ALG10,Module382
RP11-847H18.2,Module382
RP11-847H18.3,Module382
RP11-313F23.3,Module382
FAM166AP2,Module382
TUBB8P4,Module382
RP11-313F23.4,Module382
TUBB8P5,Module382
FAM166AP9,Module382
RP11-266O15.3,Module382
ALG10B,Module382
CPNE8,Module382
RP11-396F22.1,Module382
RP11-554L12.3,Module382
KIF21A,Module382
RP11-242C24.2,Module382
RP11-242C24.3,Module382
ABCD2,Module382
RP11-440G2.2,Module382
GXYLT1,Module382
YAF2,Module382
PPHLN1,Module382
RP11-76E16.2,Module382
ZCRB1,Module382
MIR7851,Module382
RF00090,Module382
RP11-351C21.2,Module382
RNU6-249P,Module382
TWF1,Module382
TMEM117,Module382
NELL2,Module382
RP11-512G13.1,Module382
CAND1,Module382
RP11-473M14.2,Module382
RP11-611E13.2,Module382
RP11-320P7.2,Module382
RP11-320P7.1,Module382
CNOT2,Module382
RP11-398J13.1,Module382
KCNMB4,Module382
ZFC3H1,Module382
RF00560,Module382
THAP2,Module382
RP11-293I14.2,Module382
TMEM19,Module382
RP11-498M15.1,Module382
RAB21,Module382
RP11-2H8.2,Module382
RP11-81H3.2,Module382
ATXN7L3B,Module382
RP11-56G10.2,Module382
KCNC2,Module382
RP11-560G2.1,Module382
RP11-404O18.1,Module382
CAPS2,Module382
RP11-560G2.2,Module382
RP11-585P4.6,Module382
GLIPR1L1,Module382
GLIPR1L2,Module382
E2F7,Module382
C12orf50,Module382
C12orf29,Module382
CEP290,Module382
RNA5SP364,Module382
RP11-474L23.3,Module382
TMTC3,Module382
SLC17A8,Module382
NR1H4,Module382
RP11-575G13.3,Module382
GAS2L3,Module382
RP11-575G13.2,Module382
SLC5A8,Module382
RP11-399D15.1,Module382
UTP20,Module382
ARL1,Module382
RP11-321F8.4,Module382
RNU6-1068P,Module382
RPS27P23,Module382
RNU5E-5P,Module382
RNA5SP367,Module382
SPIC,Module382
MYBPC1,Module382
RP1-74B13.2,Module382
RPL29P25,Module382
CCDC63,Module382
MYL2,Module382
RP1-46F2.2,Module382
RP1-46F2.3,Module382
RFC5,Module382
RP11-33N14.3,Module382
WSB2,Module382
RP11-33N14.5,Module382
VSIG10,Module382
RP11-136L23.2,Module382
PEBP1,Module382
TAOK3,Module382
CCDC64,Module382
RP1-267D11.1,Module382
RAB35,Module382
RP1-267D11.6,Module382
GCN1,Module382
MIR4498,Module382
RPLP0,Module382
BRI3BP,Module382
THRIL,Module382
RP11-158L12.2,Module382
AACS,Module382
RP11-158L12.4,Module382
RP11-158L12.5,Module382
RP11-158L12.6,Module382
TMEM132B,Module382
SLC15A4,Module382
RP11-21K12.2,Module382
RP11-21K12.3,Module382
GLT1D1,Module382
RP11-753B7.2,Module382
RIMBP2,Module382
RP11-662M24.1,Module382
RP11-989F5.4,Module382
STX2,Module382
RP11-638F5.1,Module382
RP11-638F5.2,Module382
RPS6P20,Module382
RP11-495K9.2,Module382
RP11-495K9.3,Module382
RNA5SP376,Module382
RP13-507P19.2,Module382
RP13-507P19.1,Module382
CCDC77,Module1805
B4GALNT3,Module1805
NINJ2,Module1805
RP5-1154L15.2,Module1805
RNU7-103P,Module1805
RP5-1154L15.1,Module1805
RP11-218M22.1,Module1805
RP11-218M22.2,Module1805
WNK1,Module1805
RNU4ATAC16P,Module1805
WNK1,Module3297
RAD52,Module3297
RP11-359B12.2,Module3297
ERC1,Module3297
WBP11,Module3297
C12orf60,Module3297
SMCO3,Module3297
ART4,Module3297
RP11-233G1.4,Module3297
MGP,Module3297
ERP27,Module3297
ARHGDIB,Module3297
PDE6H,Module3297
GLIPR1L2,Module3297
GLIPR1,Module3297
RP11-585P4.5,Module3297
KRR1,Module3297
RP11-114H23.1,Module3297
RP11-25J3.2,Module3297
RP11-114H23.3,Module3297
RF00156,Module3297
RP11-114H23.2,Module3297
ATP2B1,Module3297
RP11-591N1.1,Module3297
RNA5SP365,Module3297
MRPL2P1,Module3297
RNU6-148P,Module3297
SPPL3,Module3297
RP11-665J20.1,Module3297
CLIC1P1,Module3297
RPL12P33,Module3297
HNF1A-AS1,Module3297
HNF1A,Module3297
C12orf43,Module3297
OASL,Module3297
RP11-216P16.7,Module3297
RP11-216P16.4,Module3297
RP11-216P16.5,Module3297
RP11-216P16.6,Module3297
P2RX7,Module3297
Z98941.1,Module3297
RP11-340F14.6,Module3297
ERC1,Module3854
HTR1DP1,Module3854
BCL2L14,Module3854
RP11-267J23.4,Module3854
MIR1244-4,Module3854
LRP6,Module3854
RP11-267J23.1,Module3854
RASSF8,Module3854
BHLHE41,Module3854
SSPN,Module3854
RP11-283G6.3,Module3854
PCED1B,Module3854
RP11-493L12.2,Module3854
RP11-493L12.3,Module3854
RP11-493L12.4,Module3854
RP11-493L12.7,Module3854
RP11-493L12.6,Module3854
RF00264,Module3854
RP11-493L12.5,Module3854
MIR4494,Module3854
GS1-410F4.2,Module3854
IL26,Module3854
IL22,Module3854
MDM1,Module3854
RP11-81H14.2,Module3854
RP11-71J4.2,Module3854
ALDH2,Module3854
AC003029.1,Module3854
MAPKAPK5,Module3854
RPS2P41,Module3854
ADAM1A,Module3854
AC003029.4,Module3854
TMEM116,Module3854
RP1-128M12.1,Module3854
RP1-128M12.3,Module3854
ERP29,Module3854
RP1-267L14.6,Module3854
NAA25,Module3854
MIR3657,Module3854
RP1-267L14.3,Module3854
RF00019,Module3854
TRAFD1,Module3854
HECTD4,Module3854
MIR6861,Module3854
ERC1,Module4428
RP5-951N9.1,Module4428
RP5-951N9.2,Module4428
RP3-340I3.1,Module4428
WNT5B,Module4428
FBXL14,Module4428
KLHL42,Module4428
RP11-860B13.3,Module4428
RN7SKP15,Module4428
RF02271,Module4428
RP11-993B23.1,Module4428
PTHLH,Module4428
RP11-993B23.3,Module4428
RP11-887P2.3,Module4428
CRADD,Module4428
RP11-887P2.5,Module4428
RN7SL630P,Module4428
RP11-887P2.6,Module4428
RP11-1060G2.1,Module4428
RP11-1060G2.2,Module4428
ANKRD13A,Module4428
C12orf76,Module4428
RP11-946P6.6,Module4428
RP11-946P6.4,Module4428
IFT81,Module4428
ATP2A2,Module4428
RN7SL769P,Module4428
ANAPC7,Module4428
RP11-478C19.2,Module4428
WNT5B,Module5989
MIR3649,Module5989
ADIPOR2,Module5989
RP11-288K12.1,Module5989
RP11-21K20.1,Module5989
CACNA2D4,Module5989
LRTM2,Module5989
RP5-1096D14.3,Module5989
RP5-1096D14.2,Module5989
DCP1B,Module5989
CACNA1C,Module5989
USP15,Module5989
MON2,Module5989
RP11-863H1.1,Module5989
RNU6-399P,Module5989
HECTD4,Module5989
RP3-521E19.2,Module5989
RN7SKP71,Module5989
RPL7AP60,Module5989
RP3-521E19.3,Module5989
COX6A1,Module5989
AL021546.6,Module5989
TRIAP1,Module5989
GATC,Module5989
RPL31P52,Module5989
SRSF9,Module5989
DYNLL1,Module5989
RP11-18C24.6,Module5989
RP11-18C24.8,Module5989
COQ5,Module5989
RF00019,Module5989
RPL29P24,Module5989
RNF10,Module5989
POP5,Module5989
RPL11P5,Module5989
RP11-728G15.1,Module5989
CABP1,Module5989
MLEC,Module5989
RP11-173P15.3,Module5989
RP11-173P15.9,Module5989
RP11-173P15.10,Module5989
UNC119B,Module5989
RP11-173P15.5,Module5989
MIR4700,Module5989
ACADS,Module5989
RP11-173P15.7,Module5989
SPPL3,Module5989
DCP1B,Module7425
CACNA1C,Module7425
RP5-1096D14.6,Module7425
RP5-1096D14.7,Module7425
RP5-1096D14.5,Module7425
RP1-53O8.2,Module7425
RP1-53O8.1,Module7425
RP5-977L1.1,Module7425
RP13-714J12.1,Module7425
RP11-503G7.1,Module7425
RP11-503G7.2,Module7425
FBRSL1,Module7425
RP13-554M15.7,Module7425
RP13-554M15.2,Module7425
MIR6763,Module7425
RP13-554M15.8,Module7425
LRCOL1,Module7425
P2RX2,Module7425
RP13-554M15.5,Module7425
POLE,Module7425
PXMP2,Module7425
RP13-672B3.2,Module7425
PGAM5,Module7425
RNA5SP379,Module7425
ANKLE2,Module7425
RP13-672B3.5,Module7425
GOLGA3,Module7425
CHFR,Module7425
RPS11P5,Module7425
RNU6-327P,Module7425
RP11-46H11.11,Module7425
RP11-46H11.12,Module7425
RP11-46H11.2,Module7425
RP11-46H11.3,Module7425
ZNF605,Module7425
NANOGNBP2,Module7425
ZNF26,Module7425
RNU4ATAC12P,Module7425
RP11-386I8.6,Module7425
RP11-386I8.2,Module7425
ZNF84,Module7425
RP11-386I8.5,Module7425
RP11-386I8.4,Module7425
ZNF140,Module7425
ZNF891,Module7425
CTD-2140B24.6,Module7425
RPL23AP67,Module7425
ZNF10,Module7425
CTD-2140B24.4,Module7425
ZNF268,Module7425
CACNA1C,Module8670
SCN8A,Module8670
RP11-199A1.1,Module8670
RP11-362K2.2,Module8670
RP11-767I20.1,Module8670
RP11-162N7.1,Module8670
RF00019,Module8670
TBX3,Module8670
RP4-601P9.2,Module8670
RF00443,Module8670
RP4-601P9.1,Module8670
RNU6-1004P,Module8670
ORAI1,Module8670
MORN3,Module8670
TMEM120B,Module8670
RHOF,Module8670
AC084018.1,Module8670
RP11-347I19.8,Module8670
RP11-347I19.7,Module8670
SETD1B,Module8670
HPD,Module8670
RP11-7M8.2,Module8670
RP11-87C12.6,Module8670
PSMD9,Module8670
RP11-87C12.2,Module8670
RF00017,Module8670
RNU7-170P,Module8670
WDR66,Module8670
CACNA1C,Module9394
RP11-407G6.1,Module9394
AC007618.3,Module9394
RP11-885B4.4,Module9394
RP11-885B4.3,Module9394
RP11-885B4.1,Module9394
RP11-986G18.3,Module9394
RP11-986G18.2,Module9394
RP11-986G18.1,Module9394
RP11-885B4.2,Module9394
RP4-816N1.1,Module9394
RP4-816N1.3,Module9394
FKBP4,Module9394
RP4-816N1.6,Module9394
RP4-816N1.7,Module9394
ANAPC7,Module9394
RP11-478C19.2,Module9394
HMGA1P3,Module9394
ARPC3,Module9394
GPN3,Module9394
RPL31P49,Module9394
FAM216A,Module9394
VPS29,Module9394
RF00278,Module9394
RP3-424M6.4,Module9394
RAD9B,Module9394
PPTC7,Module9394
TCTN1,Module9394
RN7SL387P,Module9394
HVCN1,Module9394
PPP1CC,Module9394
RP11-481J8.3,Module9394
DDX55,Module9394
SNORA9B,Module9394
EIF2B1,Module9394
GTF2H3,Module9394
RP11-338K17.5,Module9394
RP11-338K17.6,Module9394
TCTN2,Module9394
RP11-338K17.8,Module9394
ATP6V0A2,Module9394
RPL27P12,Module9394
RP11-338K17.10,Module9394
DNAH10,Module9394
RP11-885B4.1,Module10137
FKBP4,Module10137
RP4-816N1.6,Module10137
RP4-816N1.7,Module10137
ITFG2,Module10137
NRIP2,Module10137
RP4-816N1.8,Module10137
FOXM1,Module10137
RHNO1,Module10137
TULP3,Module10137
RP11-372B4.3,Module10137
RNU6-1315P,Module10137
TEAD4,Module10137
RPAP3,Module10137
RP1-197B17.5,Module10137
RP1-197B17.3,Module10137
ENDOU,Module10137
RP1-197B17.7,Module10137
RP1-197B17.4,Module10137
RAPGEF3,Module10137
SLC48A1,Module10137
CTD-2024F21.1,Module10137
HDAC7,Module10137
RP5-1057I20.4,Module10137
RP5-1057I20.5,Module10137
RP5-1057I20.6,Module10137
RP5-1057I20.2,Module10137
VDR,Module10137
RP11-89H19.1,Module10137
RP11-89H19.2,Module10137
RP1-228P16.9,Module10137
TMEM106C,Module10137
COL2A1,Module10137
CCT2,Module10137
LRRC10,Module10137
BEST3,Module10137
RP11-588G21.1,Module10137
RP11-588G21.2,Module10137
RAB3IP,Module10137
TEAD4,Module10696
RP11-253E3.3,Module10696
RP11-253E3.1,Module10696
TSPAN9,Module10696
RF00017,Module10696
RP11-543P15.2,Module10696
RP11-543P15.3,Module10696
LPCAT3,Module10696
C1S,Module10696
RP3-461F17.1,Module10696
RP3-461F17.2,Module10696
C1R,Module10696
C1RL,Module10696
ABC12-49244600F4.3,Module10696
ABC12-49244600F4.4,Module10696
RNU6-485P,Module10696
RBP5,Module10696
RP11-273B20.1,Module10696
CLSTN3,Module10696
RP11-273B20.3,Module10696
PEX5,Module10696
RP11-101K23.1,Module10696
SLC38A1,Module10696
TSPAN9,Module11197
RP11-543P15.1,Module11197
RP5-1063M23.3,Module11197
RP5-1063M23.2,Module11197
RP11-476M19.2,Module11197
PRMT8,Module11197
RP11-319E16.1,Module11197
RP11-1038A11.3,Module11197
RP11-319E16.2,Module11197
RP11-1038A11.2,Module11197
RP11-1038A11.1,Module11197
PEX5,Module11197
RP11-185H22.1,Module11197
ACSM4,Module11197
CD163L1,Module11197
RP11-444J21.1,Module11197
RP11-444J21.2,Module11197
RP11-444J21.5,Module11197
RP11-444J21.4,Module11197
RP11-444J21.6,Module11197
RP11-444J21.7,Module11197
APOBEC1,Module11197
GDF3,Module11197
DPPA3,Module11197
CLEC4C,Module11197
NANOGNB,Module11197
RF00019,Module11197
NANOG,Module11197
RP11-113C12.8,Module11197
OR7E140P,Module11197
OR7E148P,Module11197
OR7E149P,Module11197
CLEC6A,Module11197
RP11-113C12.2,Module11197
RNU6-275P,Module11197
CLEC4D,Module11197
RP11-561P12.2,Module11197
CLEC4E,Module11197
RP11-561P12.5,Module11197
RF00564,Module11197
KLRG1,Module11197
RP11-436I9.4,Module11197
RP11-436I9.3,Module11197
LINC00612,Module11197
RP11-436I9.2,Module11197
A2M,Module11197
RP11-436I9.5,Module11197
RP11-436I9.6,Module11197
PZP,Module11197
RP11-118B22.1,Module11197
RP11-599J14.2,Module11197
CTD-2318O12.1,Module11197
RP11-22B23.3,Module11197
RF00072,Module11197
RP11-726G1.2,Module11197
OVOS,Module11197
RP11-525E9.1,Module11197
KLRB1,Module11197
RP11-75L1.6,Module11197
KLRF1,Module11197
CLEC2B,Module11197
RP11-290C10.1,Module11197
KLRF2,Module11197
CLEC2A,Module11197
AC091814.2,Module11197
AC091814.3,Module11197
CLEC12A,Module11197
CLEC1B,Module11197
TAS2R7,Module11197
TAS2R8,Module11197
TAS2R9,Module11197
PRH1,Module11197
TAS2R10,Module11197
RP11-144O23.8,Module11197
PRR4,Module11197
PRH1-PRR4,Module11197
AC006518.7,Module11197
TAS2R12,Module11197
TAS2R13,Module11197
PRH2,Module11197
TAS2R14,Module11197
TAS2R15,Module11197
TAS2R50,Module11197
TAS2R20,Module11197
TAS2R19,Module11197
TAS2R31,Module11197
TAS2R63P,Module11197
TAS2R46,Module11197
TAS2R64P,Module11197
TAS2R43,Module11197
RP11-673D15.7,Module11197
TAS2R30,Module11197
TAS2R18,Module11197
RP11-785H5.2,Module11197
SMIM10L1,Module11197
TAS2R42,Module11197
RP11-144O23.22,Module11197
RP11-711K1.8,Module11197
PRB3,Module11197
PRB4,Module11197
PRB1,Module11197
PRB2,Module11197
RP11-711K1.7,Module11197
GRIN2B,Module11197
RN7SKP162,Module11197
RP11-72J9.1,Module11197
RP11-298E10.1,Module11197
RP11-508P1.2,Module11197
RERG,Module11197
RP11-1018J8.2,Module11197
RP11-1018J8.3,Module11197
PTPRO,Module11197
RP11-6K23.1,Module11197
EPS8,Module11197
RNU6-251P,Module11197
RP11-6B19.1,Module11197
SLC15A5,Module11197
MGST1,Module11197
RP11-473N11.2,Module11197
RP11-424M22.1,Module11197
LMO3,Module11197
RP11-424M22.3,Module11197
RP11-1018J11.1,Module11197
RP11-1018J11.2,Module11197
RNU6-837P,Module11197
RP11-74N9.1,Module11197
RP11-871F6.1,Module11197
RP11-871F6.2,Module11197
RP11-871F6.3,Module11197
RP11-606D9.1,Module11197
MIR3974,Module11197
RERGL,Module11197
PIK3C2G,Module11197
RP11-459D22.1,Module11197
RP11-127B1.1,Module11197
PLCZ1,Module11197
RP11-361I14.1,Module11197
RP11-361I14.2,Module11197
CAPZA3,Module11197
RP11-282K24.1,Module11197
RP11-282K24.2,Module11197
PLEKHA5,Module11197
RP11-282K24.3,Module11197
RN7SL459P,Module11197
RN7SL67P,Module11197
AEBP2,Module11197
RNU1-146P,Module11197
RP11-405A12.2,Module11197
RP11-405A12.1,Module11197
RP11-664H17.1,Module11197
CTC-465D4.1,Module11197
RP11-284H19.1,Module11197
PDE3A,Module11197
RP11-84D7.1,Module11197
RP11-424C20.2,Module11197
SLCO1C1,Module11197
SLCO1B3,Module11197
RP11-545J16.1,Module11197
RP11-80N2.2,Module11197
SLCO1B7,Module11197
RP11-125O5.2,Module11197
SLCO1B1,Module11197
SLCO1A2,Module11197
IAPP,Module11197
ABCC9,Module11197
RP11-729I10.2,Module11197
RP11-729I10.3,Module11197
RP11-114G22.1,Module11197
RP11-153K16.1,Module11197
RP11-686N4.1,Module11197
RP11-153K16.2,Module11197
SOX5,Module11197
RP11-437F6.1,Module11197
MIR920,Module11197
RP11-778H2.1,Module11197
RP11-615I16.2,Module11197
RP11-615I16.3,Module11197
CCDC91,Module11197
RNA5SP355,Module11197
RP11-874G11.1,Module11197
RP11-977P2.1,Module11197
RP11-31A23.1,Module11197
RP11-946L16.1,Module11197
FAR2,Module11197
RP11-946L16.2,Module11197
TMTC1,Module11197
RP11-1110J8.1,Module11197
RP11-776A13.4,Module11197
RP11-776A13.1,Module11197
RP11-776A13.3,Module11197
RP11-155I9.2,Module11197
RNA5SP356,Module11197
RP11-155I9.1,Module11197
RP11-776A13.2,Module11197
RP11-77I22.3,Module11197
RP11-77I22.4,Module11197
TSPAN11,Module11197
RP11-551L14.4,Module11197
SYT10,Module11197
RNU6-472P,Module11197
ZNF970P,Module11197
RP11-804F13.2,Module11197
RP11-804F13.1,Module11197
CPNE8,Module11197
RP11-554L12.2,Module11197
RP11-554L12.1,Module11197
RP11-421H10.2,Module11197
KIF21A,Module11197
C12orf40,Module11197
SLC2A13,Module11197
RF00414,Module11197
RPL30P13,Module11197
RP11-476D10.1,Module11197
AC079630.2,Module11197
AC079630.4,Module11197
LRRK2,Module11197
MUC19,Module11197
RP11-115F18.1,Module11197
RNU6-713P,Module11197
CNTN1,Module11197
RP11-367O10.1,Module11197
RP11-385G16.1,Module11197
PDZRN4,Module11197
RP11-413B19.2,Module11197
RNA5SP360,Module11197
RP11-579C11.2,Module11197
RP11-579C11.1,Module11197
RP11-630C16.1,Module11197
RP11-630C16.2,Module11197
RP11-2A1.1,Module11197
RP11-510P12.1,Module11197
RP11-547C5.1,Module11197
RP11-547C5.2,Module11197
RP11-118A3.2,Module11197
RP11-118A3.1,Module11197
ADAMTS20,Module11197
RP11-73B8.1,Module11197
RP11-73B8.2,Module11197
RP11-73B8.3,Module11197
RP11-25I15.4,Module11197
PUS7L,Module11197
RP11-210N13.1,Module11197
IRAK4,Module11197
TWF1,Module11197
TMEM117,Module11197
RP11-624G19.1,Module11197
RP11-46I1.1,Module11197
RP11-46I1.2,Module11197
RP11-499A10.3,Module11197
NELL2,Module11197
ANO6,Module11197
RP11-438E8.2,Module11197
RP11-352M15.1,Module11197
RF00026,Module11197
RP11-96H19.1,Module11197
RP11-446N19.1,Module11197
RP11-66E20.2,Module11197
SLC38A4,Module11197
RP1-90J4.1,Module11197
RP1-90J4.2,Module11197
RP1-90J4.3,Module11197
RP3-432I18.1,Module11197
SLC4A8,Module11197
RP11-607P23.1,Module11197
SCN8A,Module11197
SP1,Module11197
AMHR2,Module11197
PRR13,Module11197
RP11-793H13.8,Module11197
PCBP2,Module11197
PCBP2-OT1,Module11197
RF02271,Module11197
MAP3K12,Module11197
RP11-793H13.11,Module11197
TARBP2,Module11197
RP11-793H13.10,Module11197
NPFF,Module11197
ATF7,Module11197
RP11-793H13.3,Module11197
RP11-793H13.12,Module11197
RP11-834C11.12,Module11197
HOXC6,Module11197
HOXC9,Module11197
HOXC-AS1,Module11197
HOXC8,Module11197
HOXC4,Module11197
RP11-834C11.14,Module11197
AC012531.25,Module11197
HOXC5,Module11197
MIR615,Module11197
RP11-834C11.3,Module11197
RP11-834C11.7,Module11197
RP11-834C11.6,Module11197
RP11-834C11.5,Module11197
SMUG1,Module11197
RP11-834C11.4,Module11197
RP11-834C11.15,Module11197
RP11-834C11.11,Module11197
RP11-834C11.10,Module11197
RP11-834C11.8,Module11197
GLYCAM1,Module11197
LACRT,Module11197
DCD,Module11197
RP11-850F7.7,Module11197
RP11-616L12.1,Module11197
NEUROD4,Module11197
OR9K1P,Module11197
RP11-616L12.4,Module11197
OR9K2,Module11197
OR9R1P,Module11197
OR10U1P,Module11197
OR10A7,Module11197
OR6C74,Module11197
OR6C69P,Module11197
OR6C72P,Module11197
OR6C6,Module11197
OR6C5P,Module11197
OR6C1,Module11197
OR6C3,Module11197
OR6C7P,Module11197
OR6C75,Module11197
OR6C71P,Module11197
OR6C66P,Module11197
OR6C73P,Module11197
OR6C65,Module11197
PHC1B,Module11197
OR6C76,Module11197
RP11-110A12.2,Module11197
OR6C2,Module11197
OR6C70,Module11197
OR6C68,Module11197
OR6C64P,Module11197
OR6C4,Module11197
OR2AP1,Module11197
RP11-58A17.4,Module11197
RP11-489P6.1,Module11197
RP11-489P6.2,Module11197
RPL21P103,Module11197
RP11-340M11.1,Module11197
RP11-362K2.2,Module11197
RP11-767I20.1,Module11197
RP11-150C16.1,Module11197
RPS6P22,Module11197
RP11-557F20.2,Module11197
RP11-272B17.1,Module11197
RNU6-279P,Module11197
RNU6-871P,Module11197
RP11-272B17.2,Module11197
RNU4-20P,Module11197
SLC16A7,Module11197
RP11-813P10.1,Module11197
RP11-813P10.2,Module11197
RP11-316A16.1,Module11197
RP11-154D9.1,Module11197
RP11-471N19.1,Module11197
RP11-410B16.1,Module11197
FAM19A2,Module11197
RPL21P104,Module11197
KRT8P19,Module11197
RPS3P6,Module11197
RP11-769N19.2,Module11197
RP11-848D3.4,Module11197
RP11-848D3.2,Module11197
RP11-848D3.5,Module11197
RSL24D1P5,Module11197
AVPR1A,Module11197
RP11-715H19.2,Module11197
RP11-1022B3.2,Module11197
RP11-1022B3.1,Module11197
DPY19L2,Module11197
RP11-168J19.2,Module11197
WIF1,Module11197
RNU6-166P,Module11197
RP11-305O6.2,Module11197
LEMD3,Module11197
RP11-305O6.4,Module11197
MSRB3,Module11197
RP11-305O6.3,Module11197
GRIP1,Module11197
RP11-754J4.2,Module11197
RP11-754J4.1,Module11197
RP11-123O10.3,Module11197
RP11-123O10.1,Module11197
RP11-123O10.2,Module11197
GS1-410F4.2,Module11197
GS1-410F4.1,Module11197
GS1-410F4.3,Module11197
RP11-444B24.2,Module11197
IFNG,Module11197
PTPRR,Module11197
CTD-2021H9.1,Module11197
CTD-2021H9.2,Module11197
CTD-2021H9.3,Module11197
TSPAN8,Module11197
RAB21,Module11197
RP11-2H8.3,Module11197
TBC1D15,Module11197
RP11-2H8.4,Module11197
TPH2,Module11197
RP11-89M22.3,Module11197
TRHDE,Module11197
AC087886.1,Module11197
RP11-98E6.1,Module11197
RP11-385F23.1,Module11197
RP11-12K6.2,Module11197
RP11-314D7.1,Module11197
RP11-314D7.2,Module11197
RP11-314D7.3,Module11197
RP11-166B14.1,Module11197
RNU6-1012P,Module11197
RP11-295G12.1,Module11197
RF00096,Module11197
RP11-711C17.1,Module11197
RP11-81H3.2,Module11197
RP11-274M17.3,Module11197
RP11-274M17.2,Module11197
VENTXP3,Module11197
RP11-361A23.1,Module11197
RP11-361A23.2,Module11197
RP11-361A23.3,Module11197
RP11-81K13.1,Module11197
KCNC2,Module11197
RP1-81P11.1,Module11197
NAV3,Module11197
RP1-97G4.1,Module11197
RP11-781A6.1,Module11197
RP11-136F16.1,Module11197
RP11-136F16.2,Module11197
RP11-38F22.1,Module11197
RP11-754N21.1,Module11197
RP11-90C1.1,Module11197
RP11-171L9.1,Module11197
RP11-123M21.2,Module11197
RP11-123M21.1,Module11197
SYT1,Module11197
RP11-390N6.1,Module11197
RP1-78O14.1,Module11197
MIR1252,Module11197
RP11-359M6.2,Module11197
RP11-359M6.1,Module11197
RP11-359M6.3,Module11197
PAWR,Module11197
RP1-170B16.1,Module11197
RNU7-106P,Module11197
OTOGL,Module11197
RP11-244J10.1,Module11197
RN7SKP261,Module11197
PTPRQ,Module11197
RP11-272K23.4,Module11197
RP11-272K23.3,Module11197
MYF6,Module11197
MYF5,Module11197
RP11-540D4.3,Module11197
LIN7A,Module11197
MIR617,Module11197
RP11-299A16.1,Module11197
MIR618,Module11197
ACSS3,Module11197
RP11-543H12.1,Module11197
MIR4699,Module11197
PPFIA2,Module11197
RP11-121G22.3,Module11197
RP11-315E17.1,Module11197
RP11-617J18.1,Module11197
RP11-275O18.1,Module11197
RP11-362A1.1,Module11197
RP11-362A1.2,Module11197
CCDC59,Module11197
METTL25,Module11197
RP11-263K4.1,Module11197
RP11-263K4.5,Module11197
RP11-263K4.4,Module11197
RP11-263K4.3,Module11197
TMTC2,Module11197
RNU6-977P,Module11197
RPL6P25,Module11197
RP11-87P13.2,Module11197
RP11-80O3.1,Module11197
RP11-788H18.1,Module11197
RF00334,Module11197
RP11-228G3.1,Module11197
RP11-701B6.1,Module11197
SLC6A15,Module11197
RP11-1079J22.1,Module11197
TSPAN19,Module11197
LRRIQ1,Module11197
RP11-193M21.1,Module11197
ALX1,Module11197
RP11-408B11.2,Module11197
RP11-629O19.1,Module11197
RP13-619I2.2,Module11197
RASSF9,Module11197
NTS,Module11197
MGAT4C,Module11197
RP11-18J9.3,Module11197
RP11-812D23.1,Module11197
RP11-202H2.1,Module11197
RP11-324H9.1,Module11197
RPL23AP68,Module11197
RP11-248E9.1,Module11197
CYCSP30,Module11197
RP11-248E9.4,Module11197
MKRN9P,Module11197
RP11-248E9.5,Module11197
RP11-248E9.6,Module11197
RP11-248E9.7,Module11197
RPS4XP15,Module11197
C12orf50,Module11197
KITLG,Module11197
RP11-900F13.3,Module11197
RNU1-117P,Module11197
RP11-13A1.1,Module11197
RP11-13A1.2,Module11197
RP11-13A1.3,Module11197
RP11-753N8.1,Module11197
RP11-632B21.1,Module11197
EPYC,Module11197
KERA,Module11197
LUM,Module11197
DCN,Module11197
AC007115.3,Module11197
RP11-587P21.1,Module11197
RP11-587P21.2,Module11197
RP11-587P21.3,Module11197
C12orf79,Module11197
CCDC41,Module11197
RBMS2P1,Module11197
RP11-865A20.1,Module11197
RP11-778J16.3,Module11197
RN7SL483P,Module11197
RP11-778J16.2,Module11197
RP11-778J16.1,Module11197
MIR5700,Module11197
TMCC3,Module11197
MIR7844,Module11197
RP11-876K22.2,Module11197
RP11-3K15.1,Module11197
MIR492,Module11197
NDUFA12,Module11197
RP11-167N24.3,Module11197
RNU6-735P,Module11197
RP11-490G8.1,Module11197
METAP2,Module11197
USP44,Module11197
RP11-410A13.1,Module11197
RP11-541G9.1,Module11197
RP11-397H6.1,Module11197
RP11-534P6.1,Module11197
RP11-541G9.2,Module11197
RMST,Module11197
MIR1251,Module11197
RF01963,Module11197
RF01964,Module11197
RF01965,Module11197
RF01966,Module11197
RF01967,Module11197
RF01968,Module11197
RF00537,Module11197
RF01969,Module11197
RF01970,Module11197
RP11-528M18.2,Module11197
MIR135A2,Module11197
RF01971,Module11197
RP11-528M18.3,Module11197
RP11-1016B18.1,Module11197
RNU6-36P,Module11197
MIR4495,Module11197
MIR4303,Module11197
RP11-690J15.1,Module11197
ANKS1B,Module11197
RP11-473C19.1,Module11197
RNA5SP366,Module11197
RP11-406H4.1,Module11197
FAM71C,Module11197
GAS2L3,Module11197
ANO4,Module11197
RP11-263E1.1,Module11197
RP11-350G24.1,Module11197
RP11-350G24.2,Module11197
SLC5A8,Module11197
RNU6-768P,Module11197
HELLPAR,Module11197
RN7SL793P,Module11197
RP11-18O15.1,Module11197
RP11-210L7.3,Module11197
IGF1,Module11197
RP11-328J6.1,Module11197
RP11-552I14.1,Module11197
C12orf42,Module11197
POLR3B,Module11197
RP11-144F15.1,Module11197
RFX4,Module11197
WSCD2,Module11197
RPH3A,Module11197
MIR1302-1,Module11197
RP11-411G2.2,Module11197
RP11-411G2.1,Module11197
RP11-116D17.2,Module11197
RP11-116D17.3,Module11197
RP11-116D17.4,Module11197
RP11-116D17.5,Module11197
RP11-116D17.1,Module11197
RP11-1028N23.3,Module11197
RP11-1028N23.2,Module11197
RP11-1028N23.4,Module11197
UBA52P7,Module11197
MIR4472-2,Module11197
RP11-148B3.1,Module11197
LINC00173,Module11197
MAP1LC3B2,Module11197
RP11-497G19.7,Module11197
RP11-497G19.3,Module11197
RP11-497G19.1,Module11197
RP11-497G19.2,Module11197
C12orf49,Module11197
RNFT2,Module11197
RP11-407P2.1,Module11197
RNU6-558P,Module11197
NOS1,Module11197
RP11-227B21.2,Module11197
KSR2,Module11197
RP11-121J20.1,Module11197
RPL17P37,Module11197
RP11-3L23.2,Module11197
RP11-357K6.1,Module11197
RP11-357K6.2,Module11197
RNA5SP374,Module11197
RP11-357K6.3,Module11197
RF00428,Module11197
SRRM4,Module11197
RP11-364C11.3,Module11197
RN7SL508P,Module11197
RPLP0,Module11197
RP1-278C19.3,Module11197
PXN,Module11197
RP1-278C19.8,Module11197
RPS20P31,Module11197
NME2P1,Module11197
RNU4-2,Module11197
RNU4-1,Module11197
SIRT4,Module11197
RNU6-1088P,Module11197
PLA2G1B,Module11197
MSI1,Module11197
RPS27P25,Module11197
RP1-166H1.2,Module11197
FAM101A,Module11197
RP11-522N14.2,Module11197
NCOR2,Module11197
MIR6880,Module11197
RP11-408I18.9,Module11197
TMEM132B,Module11197
RP11-604N13.1,Module11197
RP4-800O15.1,Module11197
RP4-800O15.2,Module11197
RP4-800O15.3,Module11197
RP5-916L7.1,Module11197
RP5-916L7.2,Module11197
RP3-446N13.1,Module11197
RP3-446N13.2,Module11197
RP3-446N13.3,Module11197
RP3-446N13.4,Module11197
RP4-809F18.1,Module11197
RP5-944M2.1,Module11197
RP5-944M2.3,Module11197
RP5-944M2.4,Module11197
RP11-407A16.1,Module11197
RP11-407A16.2,Module11197
RP11-407A16.3,Module11197
RP11-407A16.8,Module11197
RP11-407A16.4,Module11197
RP11-407A16.6,Module11197
RP11-407A16.5,Module11197
RP11-407A16.7,Module11197
RP11-173C20.1,Module11197
RP11-173C20.2,Module11197
RP11-983C2.1,Module11197
RP11-983C2.2,Module11197
RP11-983C2.3,Module11197
RP11-983C2.4,Module11197
RP11-575F12.1,Module11197
RP11-575F12.2,Module11197
RP11-575F12.3,Module11197
RP11-955H22.1,Module11197
RP11-955H22.4,Module11197
RNU1-104P,Module11197
RP11-955H22.3,Module11197
RP11-955H22.2,Module11197
RP11-367G12.1,Module11197
RP11-483I24.1,Module11197
RP11-351O2.1,Module11197
RP11-351O2.2,Module11197
RP11-526P6.1,Module11197
RP11-749H20.1,Module11197
RP11-749H20.2,Module11197
RP11-749H20.3,Module11197
RP11-749H20.4,Module11197
RP11-749H20.6,Module11197
RP11-749H20.7,Module11197
RP11-349K16.1,Module11197
RP13-653N12.1,Module11197
RP13-653N12.2,Module11197
RP11-417O18.2,Module11197
TMEM132C,Module11197
RP11-553N19.1,Module11197
RP11-428I12.1,Module11197
SLC15A4,Module11197
NLRP9P,Module11197
TMEM132D,Module11197
RP11-669N7.2,Module11197
RP11-337L12.1,Module11197
RP11-174M13.2,Module11197
RP11-572C21.2,Module11197
RP11-572C21.1,Module11197
RIMBP2,Module11197
RP11-117L5.4,Module11197
RP11-117L5.1,Module11197
RP11-117L5.3,Module11197
RP11-495K9.10,Module11197
RP11-495K9.9,Module11197
RP11-495K9.8,Module11197
RP11-495K9.7,Module11197
RNA5SP377,Module11197
RP11-495K9.6,Module11197
RPS6P21,Module11197
SFSWAP,Module11197
RP11-495K9.5,Module11197
PRMT8,Module11556
RP11-476M19.3,Module11556
RP11-476M19.1,Module11556
GALNT8,Module11556
RP11-234B24.4,Module11556
KCNA6,Module11556
RP3-377H17.2,Module11556
RP11-429A20.3,Module11556
KCNA1,Module11556
RP3-377H17.3,Module11556
MGST1,Module11556
LMO3,Module11556
RP11-239A17.1,Module11556
RP11-69C13.1,Module11556
RP11-615I16.1,Module11556
RP11-625L16.1,Module11556
RN7SL38P,Module11556
RP11-443N24.2,Module11556
RP11-443N24.1,Module11556
RP11-443N24.3,Module11556
MIR4302,Module11556
RP11-443N24.4,Module11556
RP11-877E17.2,Module11556
RASSF8,Module11556
CCDC91,Module11556
RP11-425D17.2,Module11556
RNU4-54P,Module11556
OVCH1-AS1,Module11556
OVCH1,Module11556
TMTC1,Module11556
RP11-310I24.1,Module11556
RP11-764E9.1,Module11556
HMGA2,Module11556
RP11-677M24.1,Module11556
RP11-366L20.2,Module11556
RP11-366L20.3,Module11556
MIR6074,Module11556
RP11-366L20.4,Module11556
RP11-118B13.1,Module11556
RNA5SP362,Module11556
LLPH,Module11556
RP11-745O10.4,Module11556
RP11-745O10.2,Module11556
TMBIM4,Module11556
IRAK3,Module11556
MIR4419B,Module11556
TMEM132C,Module11556
RP11-417O18.1,Module11556
MIR3612,Module11556
RP11-553N19.1,Module11556
TMEM132D,Module11556
RP11-669N7.3,Module11556
RP11-206B11.1,Module11556
EFCAB4B,Module12055
RP5-1180D12.1,Module12055
RNU6-174P,Module12055
RP3-488M23.3,Module12055
PARP11,Module12055
EEA1,Module12055
RP11-603K19.1,Module12055
RP11-603K19.2,Module12055
RNU6-1329P,Module12055
RP11-511B23.1,Module12055
RP11-511B23.2,Module12055
RF00019,Module12055
RP11-511B23.4,Module12055
RPL41P5,Module12055
RP11-202G11.2,Module12055
RP11-202G11.1,Module12055
RP11-511B23.3,Module12055
RF00284,Module12055
RP11-486A14.1,Module12055
RP11-486A14.2,Module12055
NUDT4,Module12055
UBE2N,Module12055
MRPL42,Module12055
RN7SL737P,Module12055
RP11-356O22.4,Module12055
RP11-887P2.1,Module12055
SOCS2,Module12055
HELLPAR,Module12055
RP11-210L7.3,Module12055
IGF1,Module12055
RP11-210L7.1,Module12055
ST13P3,Module12055
RP11-114F10.2,Module12055
NUAK1,Module12055
RP11-114F10.3,Module12055
RP11-185N2.1,Module12055
CIT,Module12055
RPL35AP30,Module12055
CCDC64,Module12055
PARP11,Module12542
HIN1L,Module12542
RP11-664D1.1,Module12542
RP11-320N7.2,Module12542
RP11-320N7.3,Module12542
RP11-320N7.1,Module12542
CD9,Module12542
RF00019,Module12542
RP1-96H9.5,Module12542
PLEKHG6,Module12542
TNFRSF1A,Module12542
RN7SL391P,Module12542
SCNN1A,Module12542
LTBR,Module12542
RP1-102E24.8,Module12542
CD163L1,Module12542
RP11-157G21.2,Module12542
CD163,Module12542
RP11-157G21.1,Module12542
AICDA,Module12542
RP11-438L7.1,Module12542
RP11-438L7.3,Module12542
MFAP5,Module12542
RP11-20D14.3,Module12542
RP11-20D14.4,Module12542
RIMKLB,Module12542
RP11-20D14.1,Module12542
RP11-20D14.7,Module12542
RP11-20D14.6,Module12542
KLRC4-KLRK1,Module12542
KLRC4,Module12542
KLRC3,Module12542
RP11-277P12.6,Module12542
KLRC2,Module12542
KLRC1,Module12542
EIF2S3L,Module12542
RP11-705C15.6,Module12542
RP11-291B21.2,Module12542
RP11-904M10.1,Module12542
PRB2,Module12542
RP11-711K1.7,Module12542
RP11-407P10.1,Module12542
RP11-434C1.4,Module12542
RP11-434C1.5,Module12542
RP11-434C1.3,Module12542
RP11-434C1.6,Module12542
RP11-434C1.2,Module12542
RNU7-60P,Module12542
RP11-434C1.1,Module12542
RP11-134N1.2,Module12542
RP11-134N1.1,Module12542
RNU6-491P,Module12542
RP11-134N1.3,Module12542
RP11-515B12.1,Module12542
ATF7IP,Module12542
PLBD1,Module12542
RP11-502N13.2,Module12542
RN7SKP134,Module12542
RP11-695J4.2,Module12542
RERGL,Module12542
PIK3C2G,Module12542
RP11-459D22.2,Module12542
RP11-547L9.1,Module12542
CMAS,Module12542
ST8SIA1,Module12542
RP11-49G2.3,Module12542
RP11-49G2.4,Module12542
RNU1-149P,Module12542
RP11-268P4.5,Module12542
RP11-268P4.4,Module12542
ETNK1,Module12542
RP11-268P4.6,Module12542
RP11-114G22.1,Module12542
RP11-268P4.1,Module12542
RP11-449P1.1,Module12542
SOX5,Module12542
FAR2,Module12542
RP11-996F15.4,Module12542
RP11-996F15.2,Module12542
RP11-996F15.5,Module12542
RP11-996F15.6,Module12542
ERGIC2,Module12542
OVCH1-AS1,Module12542
RP11-313F23.4,Module12542
RNA5SP357,Module12542
DUX4L27,Module12542
AK6P1,Module12542
AK6P2,Module12542
CLUHP8,Module12542
RF01518,Module12542
RNA5SP358,Module12542
RNA5SP359,Module12542
ABCD2,Module12542
C12orf40,Module12542
SLC2A13,Module12542
AC079630.2,Module12542
AC079630.4,Module12542
LRRK2,Module12542
AC084290.2,Module12542
MUC19,Module12542
RP11-115F18.1,Module12542
DBX2,Module12542
RP11-478B9.1,Module12542
RP11-478B9.3,Module12542
RP11-478B9.2,Module12542
RNA5SP361,Module12542
RP11-139E19.1,Module12542
RP11-370I10.6,Module12542
OR8S21P,Module12542
OR8T1P,Module12542
ANP32D,Module12542
C12orf54,Module12542
RP11-722P11.4,Module12542
RP11-722P11.1,Module12542
RP11-722P11.8,Module12542
OR8S1,Module12542
OR5BS1P,Module12542
LALBA,Module12542
RP11-543H15.2,Module12542
MUCL1,Module12542
TESPA1,Module12542
RP11-335M9.1,Module12542
RF00413,Module12542
RP11-611E13.2,Module12542
RP11-320P7.2,Module12542
KCNMB4,Module12542
RNU4-65P,Module12542
RP11-588H23.3,Module12542
PTPRB,Module12542
RP11-785D18.3,Module12542
RP11-711C17.2,Module12542
RP11-81H3.2,Module12542
RP11-274M17.1,Module12542
RP11-384P14.1,Module12542
MGAT4C,Module12542
RP11-20L19.1,Module12542
CCER1,Module12542
RP11-916O13.1,Module12542
EPYC,Module12542
RP11-756G20.1,Module12542
CLLU1OS,Module12542
CLLU1,Module12542
RP11-693J15.4,Module12542
RP11-693J15.5,Module12542
RP11-693J15.3,Module12542
PLXNC1,Module12542
RP11-1105G2.4,Module12542
RP11-1105G2.3,Module12542
CCDC41,Module12542
RN7SL330P,Module12542
CFAP54,Module12542
RP11-513P18.2,Module12542
NEDD1,Module12542
RP11-541G9.1,Module12542
RP11-690J15.1,Module12542
RP11-718L23.1,Module12542
SLC25A3,Module12542
IKBIP,Module12542
APAF1,Module12542
ANKS1B,Module12542
RP11-90E9.1,Module12542
MYBPC1,Module12542
RP11-755O11.2,Module12542
RP11-285E23.2,Module12542
CHPT1,Module12542
RNY1P16,Module12542
SYCP3,Module12542
GNPTAB,Module12542
RNU6-101P,Module12542
RP11-511H9.3,Module12542
RNA5SP368,Module12542
RNU6-172P,Module12542
RP11-478G16.1,Module12542
PAH,Module12542
RP11-438H24.2,Module12542
ASCL1,Module12542
C12orf42,Module12542
RP11-626I20.1,Module12542
RP11-626I20.2,Module12542
RP11-626I20.3,Module12542
STAB2,Module12542
RF00096,Module12542
CUX2,Module12542
MIR6760,Module12542
RNA5SP373,Module12542
FAM109A,Module12542
RP3-473L9.4,Module12542
RP3-473L9.3,Module12542
RP11-438N16.1,Module12542
RP11-438N16.2,Module12542
HSPB8,Module12542
RP11-64B16.5,Module12542
LINC00934,Module12542
CCDC60,Module12542
RP11-768F21.1,Module12542
RP11-474D1.4,Module12542
RP11-474D1.3,Module12542
RP11-474D1.1,Module12542
RP11-474D1.2,Module12542
RP11-143E21.2,Module12542
RP11-143E21.3,Module12542
RP11-143E21.7,Module12542
RP11-143E21.4,Module12542
FZD10,Module12542
STX2,Module12542
RP11-989F5.1,Module12542
RP11-989F5.3,Module12542
RNU6-1077P,Module12542
RAN,Module12542
ADGRD1,Module12542
RP11-243M5.5,Module12542
RP11-243M5.4,Module12542
RP11-243M5.2,Module12542
RP11-243M5.1,Module12542
RP11-243M5.3,Module12542
RP11-76C10.6,Module12542
RP11-76C10.5,Module12542
RP11-897M7.3,Module12542
RP11-897M7.4,Module12542
RP11-897M7.1,Module12542
RP11-897M7.2,Module12542
RP11-292I17.1,Module12542
GALNT9,Module12542
RP13-977J11.3,Module12542
RP13-895J2.2,Module12542
RP13-895J2.3,Module12542
RP13-895J2.4,Module12542
RP13-895J2.6,Module12542
RP13-895J2.7,Module12542
RP13-895J2.8,Module12542
RP13-895J2.9,Module12542
RP13-895J2.10,Module12542
RP13-895J2.11,Module12542
FGF6,Module14230
C12orf4,Module14230
RAD51AP1,Module14230
DYRK4,Module14230
RP11-609L23.1,Module14230
RP11-609L23.3,Module14230
RP11-609L23.2,Module14230
RP11-25I15.2,Module14230
RP11-25I15.1,Module14230
RP11-25I15.3,Module14230
ARID2,Module14230
RN7SL246P,Module14230
RP11-19E18.1,Module14230
SCAF11,Module14230
MSRB3,Module14230
RP11-316O1.1,Module14230
RP11-230G5.2,Module14230
RP11-221N13.2,Module14230
RP11-144F15.1,Module14230
RFX4,Module14230
RP11-482D24.2,Module14230
RP11-482D24.3,Module14230
RIC8B,Module14230
BTBD11,Module14230
RNA5SP371,Module14230
RP11-128P10.1,Module14230
RF00019,Module14230
PWP1,Module14230
RP11-864J10.2,Module14230
PRDM4,Module14230
RP11-864J10.4,Module14230
ASCL4,Module14230
MYO1H,Module14230
RP11-256L11.3,Module14230
KCTD10,Module14230
UBE3B,Module14230
MMAB,Module14230
RNU4-32P,Module14230
MVK,Module14230
SRRM4,Module14230
RP11-364C11.3,Module14230
RP11-364C11.2,Module14230
RP11-64B16.3,Module14230
HSPB8,Module14230
RP11-64B16.4,Module14230
RP11-64B16.2,Module14230
KMT5A,Module14230
RILPL2,Module14230
RP11-972P1.8,Module14230
SNRNP35,Module14230
RILPL1,Module14230
RP11-972P1.10,Module14230
RP11-972P1.11,Module14230
MIR3908,Module14230
RP11-486O12.2,Module14230
TMED2,Module14230
RP11-429A20.3,Module15477
RP11-429A20.2,Module15477
KCNA5,Module15477
ITPR2,Module15477
RP11-666F17.1,Module15477
SARNP,Module15477
RP11-762I7.5,Module15477
ORMDL2,Module15477
DNAJC14,Module15477
TMEM198B,Module15477
MMP19,Module15477
RP11-670P16.3,Module15477
GSTP1P1,Module15477
PYM1,Module15477
DGKA,Module15477
RP11-973D8.5,Module15477
PMEL,Module15477
CDK2,Module15477
RP11-973D8.4,Module15477
RAB5B,Module15477
RP11-603J24.7,Module15477
SUOX,Module15477
IKZF4,Module15477
RP11-603J24.21,Module15477
RP11-603J24.4,Module15477
RPS26,Module15477
ERBB3,Module15477
RP11-603J24.9,Module15477
PA2G4,Module15477
RP11-603J24.17,Module15477
RPL41,Module15477
ZC3H10,Module15477
ESYT1,Module15477
RP11-603J24.6,Module15477
RP11-603J24.5,Module15477
RP11-603J24.14,Module15477
MYL6B,Module15477
MYL6,Module15477
RP11-977G19.5,Module15477
SMARCC2,Module15477
RP11-74M13.4,Module15477
RP11-74M13.6,Module15477
RP11-74M13.3,Module15477
RF00554,Module15477
SDR9C7,Module15477
RP11-474N8.9,Module15477
RDH16,Module15477
RP11-74M13.5,Module15477
GPR182,Module15477
ZBTB39,Module15477
TAC3,Module15477
MYO1A,Module15477
TMEM194A,Module15477
NAB2,Module15477
STAT6,Module15477
LRP1,Module15477
RP11-545N8.3,Module15477
MIR1228,Module15477
RP11-1038A11.1,Module16280
NTF3,Module16280
ANO2,Module16280
RP11-592H6.3,Module16280
ST8SIA1,Module16280
RP11-73M14.1,Module16280
TMEM5,Module16280
RP11-415I12.5,Module16280
RP11-415I12.6,Module16280
SRGAP1,Module16280
RP11-274J7.1,Module16280
RP11-274J7.2,Module16280
RP11-274J7.3,Module16280
GS1-410F4.4,Module16280
GS1-410F4.5,Module16280
GS1-410F4.2,Module16280
RP11-121E16.1,Module16280
RP11-554D14.7,Module16280
RP11-554D14.8,Module16280
RP11-554D14.6,Module16280
RP11-554D14.4,Module16280
RP11-554D14.5,Module16280
RP11-554D14.3,Module16280
RP11-554D14.2,Module16280
RP11-554D14.1,Module16280
WSCD2,Module16280
RP11-1K3.1,Module16280
CMKLR1,Module16280
RBM19,Module16280
RP11-780K2.1,Module16280
RP11-1028N23.4,Module16280
RN7SL865P,Module16280
RP11-110L15.1,Module16280
RP11-110L15.2,Module16280
RF00275,Module16280
MED13L,Module16280
RP11-493P1.2,Module16280
RNU6-1188P,Module16280
MIR620,Module16280
RP11-115H15.1,Module16280
RP11-115H15.2,Module16280
KSR2,Module16280
RP11-465L8.1,Module16280
RP11-143E21.1,Module16280
RP11-143E21.6,Module16280
PIWIL1,Module16280
RP11-200K12.3,Module16280
RP11-200K12.2,Module16280
RIMBP2,Module16280
ANO2,Module16759
VWF,Module16759
DIP2B,Module16759
RNU6-769P,Module16759
RNU6-238P,Module16759
RF00019,Module16759
RP11-60E8.2,Module16759
ATF1,Module16759
RP11-60E8.4,Module16759
RN7SL519P,Module16759
TMPRSS12,Module16759
RP11-60E8.3,Module16759
METTL7A,Module16759
RP11-407N8.6,Module16759
RP11-407N8.4,Module16759
HIGD1C,Module16759
RP11-407N8.5,Module16759
SLC11A2,Module16759
SCN8A,Module16759
RP11-923I11.3,Module16759
RP11-923I11.8,Module16759
RP11-923I11.4,Module16759
FIGNL2,Module16759
RP11-923I11.6,Module16759
RP11-923I11.5,Module16759
ANKRD33,Module16759
RP11-1100L3.4,Module16759
ACVRL1,Module16759
ACVR1B,Module16759
RNU6-574P,Module16759
C12orf45,Module16759
ALDH1L2,Module16759
RP11-61E11.2,Module16759
WASHC4,Module16759
APPL2,Module16759
VWF,Module17887
RN7SL69P,Module17887
RP3-454B23.1,Module17887
CD9,Module17887
DERA,Module17887
SLC15A5,Module17887
BICD1,Module17887
RP11-956A19.1,Module17887
RP11-817I4.1,Module17887
RP11-817I4.2,Module17887
RF00019,Module17887
FGD4,Module17887
RNU6-494P,Module17887
RP11-579D7.8,Module17887
CACNB3,Module17887
DDX23,Module17887
RND1,Module17887
RNU6-600P,Module17887
RP11-302B13.1,Module17887
RP11-302B13.5,Module17887
CCDC65,Module17887
FKBP11,Module17887
AC073610.5,Module17887
ARF3,Module17887
WNT10B,Module17887
RNU6-940P,Module17887
WNT1,Module17887
DDN,Module17887
RP11-386G11.3,Module17887
RP11-386G11.5,Module17887
RN7SKP289,Module17887
HOXC-AS5,Module17887
HOXC13,Module17887
HOXC12,Module17887
HOTAIR,Module17887
RF01905,Module17887
RF01906,Module17887
AC012531.4,Module17887
AC012531.5,Module17887
HOXC11,Module17887
AC012531.14,Module17887
HOXC10,Module17887
RP11-834C11.12,Module17887
HOXC6,Module17887
MIR196A2,Module17887
AC012531.16,Module17887
HOXC9,Module17887
HOXC-AS1,Module17887
ELK3,Module17887
RP11-394J1.2,Module17887
CDK17,Module17887
RNU4-24P,Module17887
RP11-117N2.2,Module17887
RP11-510I5.4,Module17887
RN7SKP11,Module17887
CFAP54,Module17887
RP11-135F9.1,Module17887
RP11-135F9.4,Module17887
UHRF1BP1L,Module17887
RP11-135F9.3,Module17887
RP11-175P13.2,Module17887
GOLGA2B,Module17887
RN7SL176P,Module17887
RP11-175P13.3,Module17887
MIR1827,Module17887
ACTR6,Module17887
DEPDC4,Module17887
SCYL2,Module17887
SLC17A8,Module17887
RP3-473L9.4,Module17887
SH2B3,Module17887
ATXN2,Module17887
RF00066,Module17887
RP11-686G8.1,Module17887
ATXN2-AS,Module17887
BRAP,Module17887
PCNPP,Module17887
ACAD10,Module17887
RP11-162P23.2,Module17887
ALDH2,Module17887
MIR6761,Module17887
RP11-139B1.1,Module17887
TBX5,Module17887
SUDS3,Module17887
RP11-131L12.3,Module17887
RP11-131L12.4,Module17887
P2RX4,Module17887
CAMKK2,Module17887
ANAPC5,Module17887
RP11-711D18.2,Module17887
RNF34,Module17887
KDM2B,Module17887
MIR7107,Module17887
RP13-941N14.1,Module17887
LRRC43,Module17887
B3GNT4,Module17887
RP11-512M8.12,Module17887
DIABLO,Module17887
RP11-512M8.13,Module17887
VPS33A,Module17887
CLIP1,Module17887
RP11-512M8.3,Module17887
RP11-144J4.3,Module17887
RP11-450K4.1,Module17887
ZCCHC8,Module17887
RF00411,Module17887
RP11-15J22.8,Module17887
RSRC2,Module17887
KNTC1,Module17887
RP11-324E6.8,Module17887
CTD-2140B24.4,Module17887
ZNF268,Module17887
AC226150.3,Module17887
ANHX,Module17887
RNU6-717P,Module17887
RP1-102E24.1,Module19600
RP1-102E24.9,Module19600
CD27-AS1,Module19600
CD27,Module19600
TAPBPL,Module19600
VAMP1,Module19600
RP1-102E24.10,Module19600
RP1-102E24.6,Module19600
MRPL51,Module19600
NCAPD2,Module19600
SCARNA10,Module19600
RP5-940J5.3,Module19600
GAPDH,Module19600
RP5-940J5.9,Module19600
IFFO1,Module19600
RP5-940J5.8,Module19600
NOP2,Module19600
RP5-940J5.10,Module19600
CHD4,Module19600
RP5-940J5.6,Module19600
SCARNA11,Module19600
LPAR5,Module19600
ACRBP,Module19600
ING4,Module19600
RP4-761J14.8,Module19600
ZNF384,Module19600
PIANP,Module19600
RNU6-781P,Module19600
RP4-761J14.9,Module19600
COPS7A,Module19600
RP4-761J14.10,Module19600
MLF2,Module19600
PTMS,Module19600
LAG3,Module19600
RN7SL380P,Module19600
CD4,Module19600
GPR162,Module19600
P3H3,Module19600
GNB3,Module19600
CDCA3,Module19600
USP5,Module19600
TPI1,Module19600
SPSB2,Module19600
U47924.6,Module19600
LRRC23,Module19600
DSTNP2,Module19600
U47924.32,Module19600
ENO2,Module19600
ATN1,Module19600
C12orf57,Module19600
U47924.31,Module19600
RNU7-1,Module19600
PTPN6,Module19600
U47924.27,Module19600
MIR200C,Module19600
MIR141,Module19600
U47924.29,Module19600
PHB2,Module19600
SCARNA12,Module19600
EMG1,Module19600
RP3-461F17.3,Module19600
LPCAT3,Module19600
C1S,Module19600
SLC38A1,Module19600
RP11-474P2.5,Module19600
SLC38A2,Module19600
RP11-474P2.2,Module19600
RP11-96H19.1,Module19600
RP11-474P2.4,Module19600
RP11-474P2.6,Module19600
RP11-386G11.5,Module19600
PRKAG1,Module19600
KMT2D,Module19600
RHEBL1,Module19600
RP11-386G11.11,Module19600
DHH,Module19600
RP11-386G11.8,Module19600
LMBR1L,Module19600
TUBA1B,Module19600
RP11-386G11.10,Module19600
RF00019,Module19600
TUBA1A,Module19600
TUBA1C,Module19600
RF00017,Module19600
KRT4,Module19600
KRT79,Module19600
RP11-153F5.3,Module19600
KRT78,Module19600
RPL7P41,Module19600
KRT8,Module19600
KRT18,Module19600
CBX5,Module19600
MIR3198-2,Module19600
RN7SL390P,Module19600
RP11-968A15.2,Module19600
RP11-968A15.8,Module19600
HNRNPA1,Module19600
NFE2,Module19600
COPZ1,Module19600
RNU6-950P,Module19600
MIR148B,Module19600
RN7SL744P,Module19600
RP11-753H16.3,Module19600
RP11-753H16.5,Module19600
GPR84,Module19600
ZNF385A,Module19600
ITGA5,Module19600
RIC8B,Module19600
RP11-124N23.2,Module19600
RP11-124N23.1,Module19600
RP11-412D9.4,Module19600
TMEM263,Module19600
MTERFD3,Module19600
CRY1,Module19600
RPL6,Module19600
PTPN11,Module19600
RPH3A,Module19600
SCARB1,Module19600
RNU6-927P,Module19600
UBC,Module19600
MIR5188,Module19600
RPL22P19,Module19600
DHX37,Module19600
BRI3BP,Module19600
FAM66C,Module25369
RP11-266K4.1,Module25369
RP11-266K4.13,Module25369
RP11-266K4.14,Module25369
FAM90A1,Module25369
RP11-266K4.11,Module25369
RP11-266K4.8,Module25369
RP11-266K4.9,Module25369
RP11-266K4.12,Module25369
RP11-90D4.2,Module25369
RP11-113C12.4,Module25369
RP11-90D4.3,Module25369
RP11-90D4.4,Module25369
RP11-113C12.1,Module25369
RP11-90D4.6,Module25369
RP11-90D4.5,Module25369
RP11-20D14.7,Module25369
RP11-20D14.8,Module25369
A2ML1,Module25369
RP11-259O18.5,Module25369
PHC1,Module25369
M6PR,Module25369
KLRG1,Module25369
RP11-259O18.4,Module25369
AEBP2,Module25369
RP11-841C19.3,Module25369
RP11-841C19.4,Module25369
RNU6-254P,Module25369
RP11-841C19.6,Module25369
RP11-841C19.1,Module25369
RP11-96H19.1,Module25369
SLC38A4,Module25369
RP11-618L22.1,Module25369
TBC1D30,Module25369
RP11-766N7.1,Module25369
RP11-766N7.3,Module25369
RP11-766N7.4,Module25369
RNU6ATAC42P,Module25369
RP11-410A13.1,Module25369
RF00019,Module25369
NTN4,Module25369
RNU6-247P,Module25369
RP11-536G4.2,Module25369
RP11-536G4.1,Module25369
SNRPF,Module25369
CCDC38,Module25369
RP11-536G4.5,Module25369
AMDHD1,Module25369
HAL,Module25369
RP11-256L6.3,Module25369
SVOP,Module25369
AC190387.1,Module25369
USP30,Module25369
RP11-117B7.1,Module25369
RNA5SP372,Module25369
ALKBH2,Module25369
UNG,Module25369
RP11-968O1.5,Module25369
ACACB,Module25369
FOXN4,Module25369
MYO1H,Module25369
RP11-256L11.1,Module25369
RP1-71H24.1,Module25369
OAS2,Module25369
RP1-71H24.4,Module25369
RPS15AP32,Module25369
DTX1,Module25369
RASAL1,Module25369
CFAP73,Module25369
DDX54,Module25369
MIR7106,Module25369
RITA1,Module25369
RP11-545P7.4,Module25369
IQCD,Module25369
PZP,Module27348
RP11-118B22.6,Module27348
MIR1244-3,Module27348
RP11-118B22.3,Module27348
RP11-118B22.2,Module27348
RP11-118B22.4,Module27348
RP11-22B23.1,Module27348
RF00072,Module27348
RP11-22B23.2,Module27348
RP13-735L24.1,Module27348
RP11-599J14.2,Module27348
CLEC1B,Module27348
CLEC12B,Module27348
RP11-133L14.5,Module27348
CLEC9A,Module27348
RP11-133L14.2,Module27348
CLEC1A,Module27348
RN7SKP161,Module27348
RP11-133L14.4,Module27348
CLEC7A,Module27348
OLR1,Module27348
TMEM52B,Module27348
GRIN2B,Module27348
RNA5SP353,Module27348
RNU6-590P,Module27348
RP11-4N23.1,Module27348
RP11-4N23.4,Module27348
RP11-513G19.1,Module27348
ITPR2,Module27348
SRGAP1,Module27348
RP11-1029F8.1,Module27348
RP11-196H14.2,Module27348
RP11-196H14.4,Module27348
RP11-196H14.3,Module27348
C12orf66,Module27348
RAB3IP,Module27348
AC025263.3,Module27348
MYRFL,Module27348
RP11-611E13.2,Module27348
RP11-611E13.3,Module27348
TSPAN8,Module27348
LGR5,Module27348
RP11-578B16.1,Module27348
RP11-186F10.2,Module27348
RP11-654D12.2,Module27348
RP11-654D12.1,Module27348
RP11-654D12.3,Module27348
RP11-567C2.1,Module27348
NOS1,Module27348
RP11-331O1.1,Module27348
MAGOHB,Module30470
STYK1,Module30470
YBX3,Module30470
RP13-81N3.2,Module30470
RP13-81N3.1,Module30470
ETV6,Module30470
GLT8D2,Module30470
RP11-490H24.5,Module30470
HCFC2,Module30470
NFYB,Module30470
RNA5SP370,Module30470
RP11-818F20.4,Module30470
TRPV4,Module30470
MIR4497,Module30470
GLTP,Module30470
RP1-7G5.5,Module30470
RN7SL441P,Module30470
RP1-7G5.6,Module30470
TCHP,Module30470
GIT2,Module30470
RP11-837J7.4,Module30470
RP11-837J7.3,Module30470
ANKRD13A,Module30470
EP400,Module30470
SNORA49,Module30470
RP13-820C6.2,Module30470
RP13-820C6.4,Module30470
EP400NL,Module30470
RP13-977J11.6,Module30470
RP13-977J11.5,Module30470
DDX51,Module30470
NOC4L,Module30470
RP13-977J11.9,Module30470
RP13-977J11.2,Module30470
RP13-977J11.8,Module30470
GALNT9,Module30470
BCL2L14,Module34199
LRP6,Module34199
RNU6-545P,Module34199
RP11-757G14.3,Module34199
RNU6-318P,Module34199
MANSC1,Module34199
RP11-757G14.1,Module34199
RP11-757G14.4,Module34199
BORCS5,Module34199
ARNTL2,Module34199
RP11-165P7.1,Module34199
SMCO2,Module34199
RP13-200J3.2,Module34199
PPFIBP1,Module34199
RP11-709A23.1,Module34199
RP11-709A23.2,Module34199
RP11-1060J15.3,Module34199
RP11-1060J15.4,Module34199
REP15,Module34199
RP11-1060J15.9,Module34199
RP11-1060J15.5,Module34199
RP11-1060J15.7,Module34199
MRPS35,Module34199
RF00019,Module34199
MANSC4,Module34199
RP11-860B13.1,Module34199
KLHL42,Module34199
RP11-860B13.3,Module34199
RP11-753H16.3,Module34199
RP11-753H16.5,Module34199
ITGA5,Module34199
RP11-753H16.4,Module34199
GTSF1,Module34199
NCKAP1L,Module34199
RP11-1049A21.2,Module34199
PDE1B,Module34199
PPP1R1A,Module34199
LRP1,Module34199
NXPH4,Module34199
SHMT2,Module34199
RP11-123K3.9,Module34199
NDUFA4L2,Module34199
STAC3,Module34199
RP11-123K3.4,Module34199
R3HDM2,Module34199
RP11-473M14.4,Module34199
RP11-473M14.3,Module34199
RP11-542B15.1,Module34199
RP11-335O4.1,Module34199
BORCS5,Module34909
RP11-253I19.4,Module34909
DUSP16,Module34909
RP11-253I19.3,Module34909
RP11-158N24.1,Module34909
CREBL2,Module34909
RP11-180M15.5,Module34909
RP11-180M15.6,Module34909
GPR19,Module34909
RP11-180M15.3,Module34909
CDKN1B,Module34909
RP11-180M15.7,Module34909
RP11-180M15.4,Module34909
APOLD1,Module34909
MIR613,Module34909
RP11-59H1.4,Module34909
PPHLN1,Module34909
RP11-328C8.2,Module34909
RF00019,Module34909
PRICKLE1,Module34909
RP11-328C8.4,Module34909
RP11-328C8.5,Module34909
APOLD1,Module36588
DDX47,Module36588
RP11-59H1.1,Module36588
RP11-392P7.1,Module36588
RP11-392P7.2,Module36588
GPRC5A,Module36588
MIR614,Module36588
RP11-392P7.6,Module36588
GPRC5D,Module36588
RP11-392P7.7,Module36588
RF00604,Module36588
HEBP1,Module36588
RP11-392P7.3,Module36588
RP11-377D9.3,Module36588
RP11-377D9.1,Module36588
FAM234B,Module36588
GSG1,Module36588
EMP1,Module36588
C12orf36,Module36588
RP11-96H19.1,Module36588
RP11-474P2.7,Module36588
RP11-446N19.1,Module36588
OR7A19P,Module36588
RASSF3,Module36588
RP11-338E21.1,Module36588
MIR548Z,Module36588
MIR548C,Module36588
RP11-338E21.2,Module36588
RP11-338E21.3,Module36588
RP11-629N8.5,Module36588
RP11-629N8.4,Module36588
GNS,Module36588
RP11-629N8.3,Module36588
TBC1D30,Module36588
RP11-81H14.2,Module36588
RP11-81H14.1,Module36588
RP11-81H14.3,Module36588
RP11-81H14.4,Module36588
RP11-254B13.1,Module36588
RF00017,Module36588
EPS8,Module42978
RP11-6B19.3,Module42978
STRAP,Module42978
DERA,Module42978
RP11-674J14.3,Module42978
LOC283404,Module42978
RP11-845M18.3,Module42978
RP11-845M18.8,Module42978
KRT7,Module42978
RP3-416H24.1,Module42978
KRT86,Module42978
RP11-845M18.1,Module42978
RP3-416H24.7,Module42978
RP11-845M18.7,Module42978
RP3-416H24.8,Module42978
KRT81,Module42978
RP11-845M18.6,Module42978
KRT83,Module42978
KRT123P,Module42978
KRT85,Module42978
KRT84,Module42978
RP3-416H24.4,Module42978
KRT82,Module42978
RP11-1020M18.10,Module42978
RP3-416H24.5,Module42978
KRT75,Module42978
KRT6B,Module42978
KRT6C,Module42978
KRT6A,Module42978
KRT5,Module42978
KRT71,Module42978
KRT74,Module42978
KRT72,Module42978
RP11-641A6.2,Module42978
KRT73,Module42978
RP11-593B8.3,Module42978
KRT2,Module42978
KRT1,Module42978
KRT77,Module42978
RP11-641A6.3,Module42978
RP11-641A6.4,Module42978
RP11-641A6.6,Module42978
RP11-641A6.5,Module42978
RP11-641A6.8,Module42978
RP11-641A6.9,Module42978
RP11-641A6.7,Module42978
RP11-672I14.1,Module42978
KRT76,Module42978
RP11-153F5.2,Module42978
KRT3,Module42978
ZNF664,Module42978
FAM101A,Module42978
RP11-214K3.25,Module42978
RP11-214K3.5,Module42978
RP11-214K3.24,Module42978
ADGRD1,Module42978
RP11-76C10.4,Module42978
RP11-76C10.3,Module42978
RP11-76C10.2,Module42978
RP11-638F5.1,Module42978
LYRM5,Module56539
KRAS,Module56539
RP11-295I5.3,Module56539
RP11-295I5.4,Module56539
RP11-707G18.1,Module56539
RNU4-67P,Module56539
RP11-318G8.1,Module56539
IFLTD1,Module56539
RP11-318G8.4,Module56539
RP11-318G8.2,Module56539
RP11-318G8.3,Module56539
RP11-685B13.2,Module56539
IFLTD1,Module57480
RN7SKP262,Module57480
RP11-443N24.2,Module57480
STK38L,Module57480
ARNTL2,Module57480
RP11-165P7.1,Module57480
RP11-362K2.2,Module57480
LRIG3,Module57480
RP11-150C16.1,Module57480
PAWR,Module57480
RP11-530C5.1,Module57480
PPP1R12A,Module57480
SSPN,Module59211
RP11-283G6.4,Module59211
RP11-283G6.5,Module59211
RP11-283G6.6,Module59211
RP11-612B6.1,Module59211
RP11-513G19.1,Module59211
RP11-612B6.2,Module59211
ITPR2,Module59211
RNA5SP354,Module59211
OSBPL8,Module59211
RP11-20E24.1,Module59211
RP11-613M5.1,Module59211
RP11-13A1.3,Module59211
RNU7-120P,Module59211
MRPS6P4,Module59211
DUSP6,Module59211
RP11-823E8.3,Module59211
RP11-1109F11.3,Module59211
RP11-1109F11.5,Module59211
POC1B,Module59211
CENPC2,Module59211
GALNT4,Module59211
POC1B-GALNT4,Module59211
RP11-734K2.4,Module59211
RP11-734K2.3,Module59211
RP11-981P6.1,Module59211
ATP2B1,Module59211
RF02110,Module59211
RP11-693J15.6,Module59211
RP11-1041F24.1,Module59211
CRY1,Module59211
RP11-797M17.1,Module59211
ITPR2,Module60883
RP11-666F17.2,Module60883
INTS13,Module60883
FGFR1OP2,Module60883
RP11-421F16.3,Module60883
TM7SF3,Module60883
FAM19A2,Module60883
RP11-769N19.1,Module60883
USP15,Module60883
MIR6125,Module60883
RNU6-595P,Module60883
RF00017,Module60883
DPY19L2,Module60883
RP11-415I12.3,Module60883
RP11-972L6.2,Module60883
RP11-415I12.2,Module60883
RP11-415I12.1,Module60883
TMEM5,Module60883
DYRK2,Module60883
RP11-335O4.3,Module60883
RP11-43N5.1,Module60883
RP11-43N5.2,Module60883
PTPRB,Module60883
PTPRR,Module60883
RP11-785D18.2,Module60883
RP11-20E24.1,Module60883
RP11-613M5.1,Module60883
YWHAQP7,Module60883
RP11-613M5.2,Module60883
RP11-613M5.3,Module60883
RP11-734E19.1,Module60883
ZDHHC17,Module60883
RN7SKP263,Module60883
RP11-74K11.1,Module60883
PLXNC1,Module60883
RP11-74K11.2,Module60883
GNPTAB,Module60883
RNA5SP369,Module60883
RNU6-1183P,Module60883
RP11-511H9.4,Module60883
DRAM1,Module60883
RP11-512N21.3,Module60883
RP11-512N21.1,Module60883
RP11-554E23.2,Module60883
RP11-554E23.3,Module60883
SSH1,Module60883
RP11-423G4.10,Module60883
MIR619,Module60883
DAO,Module60883
SVOP,Module60883
RNU6-361P,Module60883
RPH3A,Module60883
OAS1,Module60883
RP1-71H24.1,Module60883
OAS3,Module60883
OAS2,Module60883
RP11-768F21.1,Module60883
TMEM233,Module60883
RN7SKP197,Module60883
PRKAB1,Module60883
CIT,Module60883
RP1-127H14.3,Module60883
MIR1178,Module60883
CCDC91,Module64737
RP11-967K21.1,Module64737
RP11-967K21.2,Module64737
RP11-425D17.1,Module64737
RP11-820K3.5,Module64737
RP11-820K3.6,Module64737
C12orf72,Module64737
AMN1,Module64737
STMN1P1,Module64737
RP11-467L13.7,Module64737
RP11-467L13.4,Module64737
RP11-467L13.5,Module64737
H3F3C,Module64737
OR6U2P,Module64737
OR10P1,Module64737
RP11-644F5.16,Module64737
OR10AE3P,Module64737
RP11-644F5.15,Module64737
RP11-644F5.17,Module64737
METTL7B,Module64737
ITGA7,Module64737
RP11-644F5.10,Module64737
BLOC1S1,Module64737
RDH5,Module64737
CD63,Module64737
RP11-644F5.11,Module64737
RF00017,Module64737
RP11-644F5.12,Module64737
GDF11,Module64737
SARNP,Module64737
RP11-762I7.5,Module64737
RP11-762I7.4,Module64737
PIP4K2C,Module64737
DTX3,Module64737
ARHGEF25,Module64737
AC025165.8,Module64737
SLC26A10,Module64737
B4GALNT1,Module64737
RP11-571M6.1,Module64737
OS9,Module64737
RP11-571M6.7,Module64737
AGAP2,Module64737
AGAP2-AS1,Module64737
TSPAN31,Module64737
CDK4,Module64737
MIR6759,Module64737
MARCH9,Module64737
CYP27B1,Module64737
METTL1,Module64737
METTL21B,Module64737
RP11-571M6.15,Module64737
TSFM,Module64737
AVIL,Module64737
RP11-571M6.17,Module64737
RNU6-1083P,Module64737
RP11-571M6.18,Module64737
CTDSP2,Module64737
MIR26A2,Module64737
RP11-620J15.1,Module64737
RP11-620J15.2,Module64737
RP11-620J15.4,Module64737
RP11-620J15.3,Module64737
ATP23,Module64737
RP11-58A17.3,Module64737
RN7SKP65,Module64737
RP11-58A17.2,Module64737
MED13L,Module64737
RP11-148B3.2,Module64737
FBXW8,Module64737
RP11-103B5.4,Module64737
TESC,Module64737
RP11-103B5.2,Module64737
FBXO21,Module64737
CCDC60,Module64737
RP11-768F21.1,Module64737
TMEM233,Module64737
RNA5SP378,Module64737
RNU6-1017P,Module64737
MMP17,Module64737
RP11-417L19.2,Module64737
ULK1,Module64737
RP11-417L19.5,Module64737
RP11-417L19.4,Module64737
PUS1,Module64737
RP11-417L19.6,Module64737
EP400,Module64737
RP11-551L14.4,Module70046
RP11-551L14.8,Module70046
RP11-551L14.5,Module70046
DDX11,Module70046
RF00072,Module70046
RP11-551L14.7,Module70046
OVOS2,Module70046
TXNRD1,Module70046
RP11-818F20.5,Module70046
RP11-818F20.1,Module70046
EID3,Module70046
CHST11,Module70046
RP11-43D4.2,Module70046
RP11-43D4.3,Module70046
MIR3922,Module70046
SLC41A2,Module70046
RF00019,Module70046
KRT18P20,Module70046
C12orf45,Module70046
SYT10,Module76161
RP11-438D14.2,Module76161
RP11-438D14.3,Module76161
RP11-56H16.1,Module76161
RNU6-400P,Module76161
RP13-359K18.1,Module76161
MON2,Module76161
C12orf61,Module76161
RP11-631N16.2,Module76161
MIRLET7I,Module76161
RP11-631N16.4,Module76161
PPM1H,Module76161
RPL32P26,Module76161
GAPDHP44,Module76161
RNU1-83P,Module76161
RF00019,Module76161
RPL14P1,Module76161
STAB2,Module76161
RP11-341G23.2,Module76161
RP11-341G23.3,Module76161
RP11-341G23.4,Module76161
NT5DC3,Module76161
RP11-650K20.2,Module76161
RP11-650K20.3,Module76161
TTC41P,Module76161
HSP90B1,Module76161
MIR3652,Module76161
C12orf73,Module76161
TDG,Module76161
GLT8D2,Module76161
RP11-139E19.1,Module89124
RP11-139E19.2,Module89124
ANO6,Module89124
RP11-139E19.3,Module89124
RP11-352M15.1,Module89124
RP11-352M15.2,Module89124
ARID2,Module89124
RP11-19E18.2,Module89124
LIMA1,Module89124
RP3-405J10.2,Module89124
RP3-405J10.4,Module89124
MIR1293,Module89124
RNU6-1093P,Module89124
RP3-405J10.5,Module89124
FAM186A,Module89124
RP11-112N23.1,Module89124
LARP4,Module89124
DIP2B,Module89124
GRASP,Module89124
NR4A1,Module89124
RP11-1100L3.8,Module89124
ATG101,Module89124
RP11-1100L3.7,Module89124
RP1-288H2.5,Module89124
OR7E47P,Module89124
RP1-288H2.2,Module89124
LOC283404,Module89124
KRT80,Module89124
C12orf79,Module89124
BTG1,Module89124
RP11-796E2.4,Module89124
RPL21P106,Module89124
RF00019,Module89124
RNFT2,Module89124
RP11-240G22.4,Module89124
HRK,Module89124
RP11-240G22.1,Module89124
FBXW8,Module89124
RP11-240G22.5,Module89124
RP11-231I16.1,Module89124
AMIGO2,Module94454
PCED1B,Module94454
RP11-23J18.1,Module94454
MIR4698,Module94454
OR11M1P,Module94454
KANSL2,Module94454
SNORA2C,Module94454
MIR1291,Module94454
SNORA2A,Module94454
SNORA2B,Module94454
CCNT1,Module94454
RP11-579D7.1,Module94454
RP11-579D7.2,Module94454
ADCY6,Module94454
MIR4701,Module94454
RP11-579D7.4,Module94454
FGD6,Module94454
VEZT,Module94454
RF00019,Module94454
RP11-167N24.2,Module94454
RNU6-808P,Module94454
MIR331,Module94454
MIR3685,Module94454
RP11-167N24.3,Module94454
RP11-167N24.5,Module94454
CCDC62,Module94454
HIP1R,Module94454
VPS37B,Module94454
RP11-463O12.3,Module94454
RP11-463O12.5,Module94454
ABCB9,Module94454
OGFOD2,Module94454
RP11-197N18.2,Module94454
ARL6IP4,Module94454
PITPNM2,Module94454
MIR4304,Module94454
RP11-197N18.7,Module94454
RP11-197N18.8,Module94454
MPHOSPH9,Module94454
RP11-546D6.3,Module94454
C12orf65,Module94454
RP11-282O18.3,Module94454
CDK2AP1,Module94454
RP11-282O18.7,Module94454
RNA5SP375,Module94454
SBNO1,Module94454
RP13-942N8.1,Module94454
MIR8072,Module94454
KMT5A,Module94454
COL2A1,Module97644
RP1-228P16.3,Module97644
RP1-228P16.4,Module97644
RP1-228P16.5,Module97644
RP1-228P16.8,Module97644
SENP1,Module97644
RP1-228P16.1,Module97644
RNU6-1203P,Module97644
RP1-228P16.7,Module97644
PFKM,Module97644
MIR6505,Module97644
ASB8,Module97644
RP11-474C8.8,Module97644
RP11-474C8.3,Module97644
RP11-474C8.4,Module97644
RP11-474C8.5,Module97644
CCDC184,Module97644
RP11-474C8.7,Module97644
RP11-370I10.12,Module97644
OR10AD1,Module97644
RP11-370I10.2,Module97644
RP11-370I10.10,Module97644
H1FNT,Module97644
RP11-370I10.4,Module97644
ZNF641,Module97644
RP11-370I10.6,Module97644
OR5BK1P,Module97644
RP11-370I10.11,Module97644
OR5BT1P,Module97644
OR5BJ1P,Module97644
EIF4B,Module97644
RP11-983P16.2,Module97644
RP11-983P16.4,Module97644
TNS2,Module97644
MIR6757,Module97644
SPRYD3,Module97644
IGFBP6,Module97644
SOAT2,Module97644
LOC100127976,Module97644
RNU6-333P,Module97644
RP11-1136G11.5,Module97644
RP11-1136G11.6,Module97644
CSAD,Module97644
RP11-1136G11.8,Module97644
ZNF740,Module97644
ITGB7,Module97644
RARG,Module97644
RP11-624J6.2,Module97644
MFSD5,Module97644
ESPL1,Module97644
PFDN5,Module97644
RP11-680A11.5,Module97644
C12orf10,Module97644
AAAS,Module97644
SP7,Module97644
SP1,Module97644
ZDHHC17,Module97644
CSRP2,Module97644
RP11-461F16.3,Module97644
RP11-669B18.1,Module97644
RP11-100F15.1,Module97644
RP11-100F15.2,Module97644
RP11-100F15.3,Module97644
GLULP5,Module97644
TBX5,Module97644
RP11-385N17.1,Module97644
RN7SKP216,Module97644
RP11-385N17.3,Module97644
OSTF1P1,Module97644
TUBA1C,Module101981
RP11-977B10.2,Module101981
RP11-161H23.5,Module101981
RP11-161H23.9,Module101981
PRPH,Module101981
TROAP,Module101981
C1QL4,Module101981
DNAJC22,Module101981
SPATS2,Module101981
RP11-161H23.10,Module101981
RP11-161H23.8,Module101981
KCNH3,Module101981
MCRS1,Module101981
PRPF40B,Module101981
RP11-133N21.10,Module101981
FAM186B,Module101981
RNU6-834P,Module101981
RP11-133N21.6,Module101981
RP11-133N21.7,Module101981
RP11-133N21.8,Module101981
FMNL3,Module101981
TMBIM6,Module101981
RP11-133N21.12,Module101981
RP11-70F11.4,Module101981
NCKAP5L,Module101981
R3HDM2,Module101981
RNU6-879P,Module101981
RP11-756H6.1,Module101981
INHBC,Module101981
INHBE,Module101981
GLI1,Module101981
ARHGAP9,Module101981
MARS,Module101981
MIR6758,Module101981
DDIT3,Module101981
RP11-181L23.10,Module101981
MIR616,Module101981
MBD6,Module101981
DCTN2,Module101981
KIF5A,Module101981
PIP4K2C,Module101981
KNTC1,Module101981
RP11-324E6.10,Module101981
RP11-324E6.6,Module101981
HCAR2,Module101981
GPR109B,Module101981
GPR81,Module101981
RP11-324E6.4,Module101981
DENR,Module101981
RF00019,Module101981
CCDC62,Module101981
NCKAP5L,Module104740
RP11-70F11.6,Module104740
BCDIN3D,Module104740
RP11-70F11.7,Module104740
RP11-70F11.2,Module104740
FAIM2,Module104740
RP11-70F11.11,Module104740
RP11-70F11.8,Module104740
AQP2,Module104740
RP11-469H8.6,Module104740
RP11-469H8.8,Module104740
AQP5,Module104740
AQP6,Module104740
RACGAP1,Module104740
ASIC1,Module104740
SMARCD1,Module104740
GPD1,Module104740
COX14,Module104740
RP4-605O3.4,Module104740
CERS5,Module104740
LIMA1,Module104740
RP3-405J10.3,Module104740
RP11-90N16.1,Module104740
BTBD11,Module104740
RF00284,Module104740
DNAH10,Module104740
CCDC92,Module104740
RP11-380L11.4,Module104740
DNAH10OS,Module104740
RP11-214K3.23,Module104740
RP11-214K3.22,Module104740
RP11-214K3.21,Module104740
RP11-214K3.20,Module104740
RP11-214K3.19,Module104740
RP11-214K3.18,Module104740
ZNF664,Module104740
FAM101A,Module104740
RP11-214K3.25,Module104740
NCOR2,Module104740
RP11-83B20.1,Module104740
RP11-83B20.2,Module104740
RP11-83B20.3,Module104740
RP11-83B20.4,Module104740
RP11-83B20.5,Module104740
RP11-83B20.6,Module104740
RP11-83B20.7,Module104740
RP11-83B20.9,Module104740
RP11-83B20.8,Module104740
RP11-83B20.10,Module104740
RP11-13J12.2,Module104740
SCARB1,Module104740
SLC11A2,Module109543
RNU6-87P,Module109543
RNU6-1273P,Module109543
LETMD1,Module109543
CSRNP2,Module109543
TFCP2,Module109543
RP11-416A17.1,Module109543
RP11-416A17.6,Module109543
RF00019,Module109543
RNU6-199P,Module109543
POU6F1,Module109543
RP11-454E5.4,Module109543
DAZAP2,Module109543
SMAGP,Module109543
BIN2,Module109543
CELA1,Module109543
GALNT6,Module109543
SLC4A8,Module109543
RP11-793H13.10,Module119496
ATF7,Module119496
ATP5G2,Module119496
RP11-972K6.1,Module119496
CALCOCO1,Module119496
CISTR,Module119496
RP11-686F15.2,Module119496
RNF41,Module127828
NABP2,Module127828
SLC39A5,Module127828
ANKRD52,Module127828
COQ10A,Module127828
RP11-977G19.14,Module127828
CS,Module127828
RP11-977G19.10,Module127828
RP11-977G19.11,Module127828
RP11-977G19.12,Module127828
CNPY2,Module127828
PAN2,Module127828
IL23A,Module127828
STAT2,Module127828
RNU7-40P,Module127828
APOF,Module127828
RP11-348M3.6,Module127828
RP11-348M3.2,Module127828
RP11-121C6.5,Module127828
RP11-121C6.4,Module127828
TIMELESS,Module127828
MIP,Module127828
SPRYD4,Module127828
GLS2,Module127828
RP11-153M3.1,Module127828
RBMS2,Module127828
RNU6-343P,Module127828
BAZ2A,Module127828
ATP5B,Module127828
SNORD59A,Module127828
PTGES3,Module127828
RN7SL809P,Module127828
NACA,Module127828
PRIM1,Module127828
HSD17B6,Module127828
CKAP4,Module127828
RP11-651L5.2,Module127828
RP11-651L5.3,Module127828
RNU7-94P,Module127828
TCP11L2,Module127828
POLR3B,Module127828
RN7SKP250,Module127828
FAM222A,Module127828
MGC14436,Module127828
TRPV4,Module127828
WDR66,Module127828
RP11-87C12.5,Module127828
BCL7A,Module127828
AC156455.1,Module127828
MLXIP,Module127828
LRRC43,Module127828
IL31,Module127828
C12orf66,Module144807
RNU6-1009P,Module144807
RPS11P6,Module144807
RNU5A-7P,Module144807
C12orf56,Module144807
RP11-290I21.2,Module144807
RP11-114F3.2,Module144807
RF01210,Module144807
XPOT,Module144807
RP11-114F3.5,Module144807
RP11-114F3.4,Module144807
TBK1,Module144807
RASSF3,Module144807
RP11-439H13.2,Module144807
RF00137,Module144807
RP11-338E21.1,Module144807
RP11-230G5.2,Module148993
RP11-221N13.3,Module148993
RP11-221N13.4,Module148993
RP11-221N13.1,Module148993
RP11-764E9.1,Module148993
IRAK3,Module148993
RP11-335I12.4,Module148993
MIR6502,Module148993
RP11-335I12.2,Module148993
RP11-335I12.3,Module148993
RN7SKP166,Module148993
HELB,Module148993
GRIP1,Module148993
PPP1R12A,Module148993
RP11-530C5.4,Module148993
RP11-530C5.2,Module148993
RNA5SP363,Module148993
RP11-84G21.1,Module148993
RP11-84G21.2,Module148993
RP11-900F13.2,Module148993
C12orf74,Module148993
PLEKHG7,Module148993
EEA1,Module148993
APPL2,Module148993
C12orf75,Module148993
RP11-474B16.1,Module148993
RP11-266E14.1,Module148993
RAP1B,Module155915
RP11-254B13.4,Module155915
SNORA70G,Module155915
RP11-254B13.3,Module155915
RP11-637A17.2,Module155915
RP11-637A17.1,Module155915
NUP107,Module155915
RP11-450G15.2,Module155915
SLC35E3,Module155915
RP11-611O2.2,Module155915
MDM2,Module155915
RP11-611O2.1,Module155915
RP11-611O2.5,Module155915
RP11-611O2.3,Module155915
CPM,Module155915
RNU7-4P,Module155915
RP11-611O2.6,Module155915
RP11-249J13.1,Module155915
RP11-25E2.1,Module155915
RP11-324P9.1,Module157775
CPSF6,Module157775
MIR1279,Module157775
RP11-1143G9.2,Module157775
RP11-1143G9.5,Module157775
LYZ,Module157775
RP11-1143G9.4,Module157775
YEATS4,Module157775
IQCD,Module157775
TPCN1,Module157775
RP11-545P7.9,Module157775
MIR6762,Module157775
SLC8B1,Module157775
PLBD2,Module157775
SDS,Module157775
SDSL,Module157775
LHX5,Module157775
RP11-82C23.2,Module157775
RN7SL804P,Module158401
RP11-159A18.1,Module158401
RP11-956E11.1,Module158401
FRS2,Module158401
MIR3913-1,Module158401
MIR3913-2,Module158401
CCT2,Module158401
NDUFA12,Module158401
NR2C1,Module158401
FGD6,Module158401
RP11-129B9.2,Module158401
RP11-129B9.1,Module158401
DRAM1,Module158401
WASHC3,Module158401
RP11-554E23.4,Module158401
NUP37,Module158401
C12orf48,Module158401
PMCH,Module158401
HELLPAR,Module158401
TAOK3,Module158401
RPS2P5,Module158401
RP11-131L12.2,Module158401
SUDS3,Module158401
RP11-114H23.1,Module169536
RP11-290L1.6,Module169536
RN7SL734P,Module169536
RP11-290L1.5,Module169536
RP11-290L1.7,Module169536
PHLDA1,Module169536
RP11-290L1.3,Module169536
RP11-290L1.2,Module169536
NAP1L1,Module169536
RP11-290L1.4,Module169536
RP11-453D16.1,Module169536
RP11-453D16.2,Module169536
RNU6-1271P,Module169536
RP11-54A9.1,Module169536
RN7SKP172,Module169536
BBS10,Module169536
OSBPL8,Module169536
RP11-13G14.4,Module169536
FICD,Module169536
SART3,Module169536
ISCU,Module169536
TMEM119,Module169536
SELPLG,Module169536
RP11-689B22.2,Module169536
MIR4496,Module169536
CORO1C,Module169536
RNU7-169P,Module169536
RF00019,Module169536
RF00561,Module169536
SSH1,Module169536
RP11-423G4.8,Module169536
RP11-256L6.3,Module207863
LTA4H,Module207863
RP11-256L6.2,Module207863
RP11-256L6.4,Module207863
RN7SL88P,Module207863
RP11-256L6.5,Module207863
ELK3,Module207863
RNU4-41P,Module207863
RP11-181C3.4,Module207863
RP11-181C3.1,Module207863
RP11-181C3.2,Module207863
TMPO,Module207863
RP11-481K9.4,Module207863
SLC25A3,Module207863
SNORA53,Module207863
